SOURCE TITLE,Total # if articles
Journal of Biological Chemistry,838
Journal of the American Chemical Society,762
Plos One,652
Lecture Notes in Computer Science Including Subseries Lecture Notes in Artificial Intelligence and Lecture Notes in Bioinformatics,570
Biochemistry,516
Journal of Chemical Physics,505
Physical Review Letters,458
Analytical Chemistry,384
Nature,379
Canadian Journal of Cardiology,369
CMAJ,368
Inorganic Chemistry,365
Canadian Journal of Earth Sciences,354
Physical Review D Particles Fields Gravitation and Cosmology,351
Canadian Journal of Physiology and Pharmacology,326
Journal of Organic Chemistry,310
Physics Letters Section B Nuclear Elementary Particle and High Energy Physics,305
Proceedings of SPIE the International Society for Optical Engineering,287
European Physical Journal C,275
Proceedings of the National Academy of Sciences of the United States of America,274
Canadian Family Physician,273
Transplantation,269
Journal of Rheumatology,263
Canadian Journal of Gastroenterology,255
Canadian Conference on Electrical and Computer Engineering,253
Canadian Journal of Zoology,249
Energy and Fuels,248
American Journal of Transplantation,247
Physical Review D,246
Canadian Journal of Forest Research,240
Science,239
Proceedings of the American Mathematical Society,237
Physical Review B Condensed Matter and Materials Physics,236
Canadian Journal of Chemical Engineering,233
Canadian Journal of Chemistry,233
Journal of Immunology,233
Journal of Applied Physics,224
Journal of Animal Science,218
Organometallics,215
Journal of Neurophysiology,211
Environmental Science and Technology,204
Journal of Chromatography A,202
Canadian Journal of Civil Engineering,199
Biochemical and Biophysical Research Communications,199
Applied Physics Letters,198
Canadian Journal of Public Health,195
General and Comparative Endocrinology,195
Journal of Molecular Biology,190
Journal of Bacteriology,189
Circulation,188
IEEE International Conference on Communications,187
Tetrahedron Letters,187
Transplantation Proceedings,187
Canadian Journal of Neurological Sciences,181
IEEE Transactions on Communications,179
Industrial and Engineering Chemistry Research,176
Canadian Journal of Animal Science,170
Journal of Physiology,168
Canadian Journal of Microbiology,166
Journal of Canadian Petroleum Technology,163
Forest Ecology and Management,161
Langmuir,159
Canadian Journal of Soil Science,157
American Heart Journal,157
Journal of High Energy Physics,155
Proceedings of the American Control Conference,154
Lancet,148
Journal of Physical Chemistry,144
Poultry Science,143
Cancer Research,142
Biochemical Journal,142
Spine,141
Applied and Environmental Microbiology,141
Canadian Geotechnical Journal,140
Canadian Journal of Botany,138
Journal of Mathematical Analysis and Applications,137
Astrophysical Journal,137
Canadian Journal of Anesthesia,133
Canadian Journal of Surgery,132
Journal of Nutrition,131
New England Journal of Medicine,130
Journal of Process Control,129
Chemical Engineering Science,128
Geochimica Et Cosmochimica Acta,127
Chemical Communications,124
Journal of Dairy Science,123
Journal of Agricultural and Food Chemistry,123
American Journal of Physiology Regulatory Integrative and Comparative Physiology,122
Nucleic Acids Research,121
IFAC Proceedings Volumes IFAC Papersonline,121
Endocrinology,120
Classical and Quantum Gravity,119
Journal of Medicinal Chemistry,118
Canadian Journal of Psychiatry,116
Angewandte Chemie International Edition,116
Review of Scientific Instruments,115
Carbohydrate Research,115
Canadian Pharmacists Journal,115
Journal of Colloid and Interface Science,113
Canadian Entomologist,112
Canadian Journal of Fisheries and Aquatic Sciences,112
Journal of Mathematical Physics,111
Journal of Advanced Nursing,111
Earth and Planetary Science Letters,111
IEEE Transactions on Wireless Communications,111
Chest,110
Midwest Symposium on Circuits and Systems,109
Physics of Plasmas,109
Paediatrics and Child Health,109
Journal of Vertebrate Paleontology,107
Geophysics,107
Geophysical Research Letters,107
Geology,106
Physics of Fluids,106
Journal of Clinical Microbiology,106
Water Research,105
Forestry Chronicle,105
IEEE Vehicular Technology Conference,102
Proceedings of the Western Pharmacology Society,102
Journal of Hydraulic Engineering,100
Proceedings IEEE International Symposium on Circuits and Systems,99
Journal of Chemical and Engineering Data,99
Zeitschrift Fur Physik C Particles and Fields,99
Canadian Journal of Plant Science,98
Materials Research Society Symposium Proceedings,97
International Journal of Control,97
IEEE Communications Letters,97
Organic Letters,95
Canadian Journal of Biochemistry,95
Antimicrobial Agents and Chemotherapy,95
Transactions of the American Mathematical Society,93
Proceedings of the National Conference on Artificial Intelligence,93
Alberta Journal of Educational Research,92
Medical Physics,89
Economic Geology,87
Canadian Journal of Emergency Medicine,87
Physical Review,86
Notes and Queries,86
IEEE Transactions on Power Delivery,84
Scientific Reports,83
Journal of Wildlife Management,83
Journal of the Chemical Society Chemical Communications,82
Journal of Cutaneous Medicine and Surgery,82
Journal of Construction Engineering and Management,80
Oikos,79
Physica B Condensed Matter,79
IEEE Transactions on Vehicular Technology,79
Aiche Journal,78
Arctic,77
Journal of Hydraulic Research,77
Journal of Fluid Mechanics,76
Journal of Algebra,76
Genome,75
Journal of Paleontology,72
Canadian Journal of Plant Pathology,70
Bulletin of Canadian Petroleum Geology,68
